scenario,method,success_rate,safe_abort_rate,duplicate_rate,unreconciled_effect_rate,protected_external_loss_rate
ambiguous_commit,base,1.0,0.0,0.0,0.0,0.0
ambiguous_commit,retry,0.0,0.0,1.0,0.0,0.0
ambiguous_commit,verify,1.0,0.0,0.0,0.0,0.0
ambiguous_commit,rewind,0.0,0.0,1.0,0.0,0.0
ambiguous_commit,resutura,1.0,0.0,0.0,0.0,0.0
compensable_misdirection,base,0.0,0.0,0.0,1.0,0.0
compensable_misdirection,retry,0.0,0.0,0.0,1.0,0.0
compensable_misdirection,verify,0.0,0.0,0.0,1.0,0.0
compensable_misdirection,rewind,0.0,0.0,0.0,1.0,0.0
compensable_misdirection,resutura,1.0,0.0,0.0,0.0,0.0
concurrent_change_plus_misdirection,base,0.0,0.0,0.0,1.0,0.0
concurrent_change_plus_misdirection,retry,0.0,0.0,0.0,1.0,0.0
concurrent_change_plus_misdirection,verify,0.0,0.0,0.0,1.0,0.0
concurrent_change_plus_misdirection,rewind,0.0,0.0,0.0,1.0,0.0
concurrent_change_plus_misdirection,resutura,1.0,0.0,0.0,0.0,0.0
noncompensatable_misdirection,base,0.0,0.0,0.0,1.0,0.0
noncompensatable_misdirection,retry,0.0,0.0,0.0,1.0,0.0
noncompensatable_misdirection,verify,0.0,0.0,0.0,1.0,0.0
noncompensatable_misdirection,rewind,0.0,0.0,0.0,1.0,0.0
noncompensatable_misdirection,resutura,0.0,1.0,0.0,1.0,0.0
